"","Id","Code","Name","Class","Standard Concept Caption","Domain","Vocabulary"
"","45773075","703276005","Heart failure with reduced ejection fraction due to heart valve disease","Disorder","Standard","Condition","SNOMED"
"","45766964","704242009","Fetal heart failure due to extracardiac disease","Disorder","Standard","Condition","SNOMED"
"","45766167","703275009","Heart failure with reduced ejection fraction due to cardiomyopathy","Disorder","Standard","Condition","SNOMED"
"","45766166","703274008","Heart failure with reduced ejection fraction due to myocarditis","Disorder","Standard","Condition","SNOMED"
"","45766165","703273002","Heart failure with reduced ejection fraction due to coronary artery disease","Disorder","Standard","Condition","SNOMED"
"","45766164","703272007","Heart failure with reduced ejection fraction","Disorder","Standard","Condition","SNOMED"
"","45616064","D059347","Cardio-Renal Syndrome","Main Heading","Non-Standard","Condition","MeSH"
"","45616023","D054143","Heart Failure, Systolic","Main Heading","Non-Standard","Condition","MeSH"
"","45614846","D054144","Heart Failure, Diastolic","Main Heading","Non-Standard","Condition","MeSH"
"","45614267","D006333","Heart Failure","Main Heading","Non-Standard","Condition","MeSH"
"","45613250","D011660","Pulmonary Heart Disease","Main Heading","Non-Standard","Condition","MeSH"
"","45601110","I97.110","Postprocedural cardiac insufficiency following cardiac surgery","6-char billing code","Non-Standard","Condition","ICD10CM"
"","45601038","I50.30","Unspecified diastolic (congestive) heart failure","5-char billing code","Non-Standard","Condition","ICD10CM"
"","45601029","I27.81","Cor pulmonale (chronic)","5-char billing code","Non-Standard","Condition","ICD10CM"
"","45591469","I50.41","Acute combined systolic (congestive) and diastolic (congestive) heart failure","5-char billing code","Non-Standard","Condition","ICD10CM"
"","45586654","I97.130","Postprocedural heart failure following cardiac surgery","6-char billing code","Non-Standard","Condition","ICD10CM"
"","45586588","I50.42","Chronic combined systolic (congestive) and diastolic (congestive) heart failure","5-char billing code","Non-Standard","Condition","ICD10CM"
"","45586587","I50.20","Unspecified systolic (congestive) heart failure","5-char billing code","Non-Standard","Condition","ICD10CM"
"","45586576","I26.09","Other pulmonary embolism with acute cor pulmonale","5-char billing code","Non-Standard","Condition","ICD10CM"
"","45581779","I50","Heart failure","ICD10 Hierarchy","Non-Standard","Condition","ICD10"
"","45581767","I27.1","Kyphoscoliotic heart disease","ICD10 code","Non-Standard","Condition","ICD10"
"","45576879","I50.9","Heart failure, unspecified","ICD10 code","Non-Standard","Condition","ICD10"
"","45576878","I50.22","Chronic systolic (congestive) heart failure","5-char billing code","Non-Standard","Condition","ICD10CM"
"","45572083","I26.01","Septic pulmonary embolism with acute cor pulmonale","5-char billing code","Non-Standard","Condition","ICD10CM"
"","45572075","I13.0","Hypertensive heart and renal disease with (congestive) heart failure","ICD10 code","Non-Standard","Condition","ICD10"
"","45567255","I97.111","Postprocedural cardiac insufficiency following other surgery","6-char billing code","Non-Standard","Condition","ICD10CM"
"","45567181","I50.43","Acute on chronic combined systolic (congestive) and diastolic (congestive) heart failure","5-char billing code","Non-Standard","Condition","ICD10CM"
"","45567180","I50.23","Acute on chronic systolic (congestive) heart failure","5-char billing code","Non-Standard","Condition","ICD10CM"
"","45567179","I50.0","Congestive heart failure","ICD10 code","Non-Standard","Condition","ICD10"
"","45567169","I26.0","Pulmonary embolism with mention of acute cor pulmonale","ICD10 code","Non-Standard","Condition","ICD10"
"","45562355","I50.33","Acute on chronic diastolic (congestive) heart failure","5-char billing code","Non-Standard","Condition","ICD10CM"
"","45557612","I97.131","Postprocedural heart failure following other surgery","6-char billing code","Non-Standard","Condition","ICD10CM"
"","45557541","I27.8","Other specified pulmonary heart diseases","ICD10 code","Non-Standard","Condition","ICD10"
"","45557540","I26.02","Saddle embolus of pulmonary artery with acute cor pulmonale","5-char billing code","Non-Standard","Condition","ICD10CM"
"","45553639","P29.0","Neonatal cardiac failure","ICD10 code","Non-Standard","Condition","ICD10"
"","45552780","I13.2","Hypertensive heart and renal disease with both (congestive) heart failure and renal failure","ICD10 code","Non-Standard","Condition","ICD10"
"","45548022","I50.31","Acute diastolic (congestive) heart failure","5-char billing code","Non-Standard","Condition","ICD10CM"
"","45548015","I27.9","Pulmonary heart disease, unspecified","ICD10 code","Non-Standard","Condition","ICD10"
"","45543182","I50.21","Acute systolic (congestive) heart failure","5-char billing code","Non-Standard","Condition","ICD10CM"
"","45543181","I50.1","Left ventricular failure","ICD10 code","Non-Standard","Condition","ICD10"
"","45539118","O29.129","Cardiac failure due to anesthesia during pregnancy, unspecified trimester","6-char billing code","Non-Standard","Condition","ICD10CM"
"","45538369","I11.0","Hypertensive heart disease with (congestive) heart failure","ICD10 code","Non-Standard","Condition","ICD10"
"","45533457","I50.40","Unspecified combined systolic (congestive) and diastolic (congestive) heart failure","5-char billing code","Non-Standard","Condition","ICD10CM"
"","45533456","I50.32","Chronic diastolic (congestive) heart failure","5-char billing code","Non-Standard","Condition","ICD10CM"
"","45533442","I27.89","Other specified pulmonary heart diseases","5-char billing code","Non-Standard","Condition","ICD10CM"
"","45533440","I27","Other pulmonary heart diseases","ICD10 Hierarchy","Non-Standard","Condition","ICD10"
"","45532374","7824FH","HEART FAILURE","OXMIS","Non-Standard","Condition","OXMIS"
"","45532373","7824AC","HEART FAILURE ACUTE","OXMIS","Non-Standard","Condition","OXMIS"
"","45532018","4271H","HEART FAILURE LEFT-SIDED","OXMIS","Non-Standard","Condition","OXMIS"
"","45530947","4271B","CARDIAC ASTHMA","OXMIS","Non-Standard","Condition","OXMIS"
"","45529955","425 PP","PUERPERAL CARDIOMYOPATHY","OXMIS","Non-Standard","Condition","OXMIS"
"","45528977","4271A","LEFT VENTRICULAR FAILURE ACUTE","OXMIS","Non-Standard","Condition","OXMIS"
"","45528976","426 CC","COR PULMONALE CHRONIC","OXMIS","Non-Standard","Condition","OXMIS"
"","45528643","L4271LF","VENTRICULAR FAILURE LEFT","OXMIS","Non-Standard","Condition","OXMIS"
"","45528326","7824FM","MYOCARDIAL FAILURE","OXMIS","Non-Standard","Condition","OXMIS"
"","45527985","4270C","CONGESTIVE CARDIAC FAILURE","OXMIS","Non-Standard","Condition","OXMIS"
"","45527984","4270","CONGESTIVE HEART FAILURE","OXMIS","Non-Standard","Condition","OXMIS"
"","45527340","7824BW","WEAK HEART","OXMIS","Non-Standard","Condition","OXMIS"
"","45527014","426 CA","COR PULMONALE ACUTE","OXMIS","Non-Standard","Condition","OXMIS"
"","45526679","L4271RF","VENTRICULAR FAILURE RIGHT","OXMIS","Non-Standard","Condition","OXMIS"
"","45526031","426 K","HEART DISEASE KYPHOSCOLIOTIC","OXMIS","Non-Standard","Condition","OXMIS"
"","45526030","426 C","COR PULMONALE","OXMIS","Non-Standard","Condition","OXMIS"
"","45525308","7824FC","FAILURE CARDIAC","OXMIS","Non-Standard","Condition","OXMIS"
"","45524953","4271","LVF (LEFT VENTRICULAR FAILURE)","OXMIS","Non-Standard","Condition","OXMIS"
"","45524952","4270BN","SYNDROME BERNHEIM'S","OXMIS","Non-Standard","Condition","OXMIS"
"","45523390","G580100","Chronic congestive heart failure","Read","Non-Standard","Condition","Read"
"","45520069","G584.00","Right ventricular failure","Read","Non-Standard","Condition","Read"
"","45520068","G580.11","Congestive cardiac failure","Read","Non-Standard","Condition","Read"
"","45516836","G582.00","Acute heart failure","Read","Non-Standard","Condition","Read"
"","45516828","G41z.11","Chronic cor pulmonale","Read","Non-Standard","Condition","Read"
"","45513443","G581000","Acute left ventricular failure","Read","Non-Standard","Condition","Read"
"","45513442","G580.00","Congestive heart failure","Read","Non-Standard","Condition","Read"
"","45513429","G41y.00","Other chronic pulmonary heart disease","Read","Non-Standard","Condition","Read"
"","45513427","G40..00","Acute pulmonary heart disease","Read","Non-Standard","Condition","Read"
"","45510056","G58z.11","Weak heart","Read","Non-Standard","Condition","Read"
"","45506694","G58..11","Cardiac failure","Read","Non-Standard","Condition","Read"
"","45503446","G58..00","Heart failure","Read","Non-Standard","Condition","Read"
"","45500070","G41z.00","Chronic pulmonary heart disease NOS","Read","Non-Standard","Condition","Read"
"","45500064","G211100","Benign hypertensive heart disease with congestive cardiac failure","Read","Non-Standard","Condition","Read"
"","45493648","L09y200","Cardiac failure following abortive pregnancy","Read","Non-Standard","Condition","Read"
"","45486911","G580400","Congestive heart failure due to valvular disease","Read","Non-Standard","Condition","Read"
"","45483529","G40z.00","Acute pulmonary heart disease NOS","Read","Non-Standard","Condition","Read"
"","45476948","G580.12","Right heart failure","Read","Non-Standard","Condition","Read"
"","45473558","G580200","Decompensated cardiac failure","Read","Non-Standard","Condition","Read"
"","45467394","Q48y100","Congenital cardiac failure","Read","Non-Standard","Condition","Read"
"","45467088","L186500","Cardiomyopathy in the puerperium","Read","Non-Standard","Condition","Read"
"","45466862","G400.00","Acute cor pulmonale","Read","Non-Standard","Condition","Read"
"","45463498","G580300","Compensated cardiac failure","Read","Non-Standard","Condition","Read"
"","45463491","G41yz00","Other chronic pulmonary heart disease NOS","Read","Non-Standard","Condition","Read"
"","45463490","G41..00","Chronic pulmonary heart disease","Read","Non-Standard","Condition","Read"
"","45463485","G210100","Malignant hypertensive heart disease with congestive cardiac failure","Read","Non-Standard","Condition","Read"
"","45457272","R2y1000","[D]Cardiorespiratory failure","Read","Non-Standard","Condition","Read"
"","45453337","G581.11","Asthma - cardiac","Read","Non-Standard","Condition","Read"
"","45453321","G234.00","Hypertensive heart and renal disease with both (congestive) heart failure and renal failure","Read","Non-Standard","Condition","Read"
"","45450018","G580000","Acute congestive heart failure","Read","Non-Standard","Condition","Read"
"","45447178","Q490.00","Neonatal cardiac failure","Read","Non-Standard","Condition","Read"
"","45446695","G580.13","Right ventricular failure","Read","Non-Standard","Condition","Read"
"","45446682","G232.00","Hypertensive heart and renal disease with (congestive) heart failure","Read","Non-Standard","Condition","Read"
"","45440056","G583.12","Heart failure with preserved ejection fraction","Read","Non-Standard","Condition","Read"
"","45440047","G411.00","Kyphoscoliotic heart disease","Read","Non-Standard","Condition","Read"
"","45433435","G58z.12","Cardiac failure NOS","Read","Non-Standard","Condition","Read"
"","45433434","G581.00","Left ventricular failure","Read","Non-Standard","Condition","Read"
"","45430165","Gyu4000","[X]Other specified pulmonary heart diseases","Read","Non-Standard","Condition","Read"
"","45427561","SP11111","Heart failure as a complication of care","Read","Non-Standard","Condition","Read"
"","45426816","G583.11","HFNEF - heart failure with normal ejection fraction","Read","Non-Standard","Condition","Read"
"","45423533","G583.00","Heart failure with normal ejection fraction","Read","Non-Standard","Condition","Read"
"","45423532","G580.14","Biventricular failure","Read","Non-Standard","Condition","Read"
"","45420372","G58z.00","Heart failure NOS","Read","Non-Standard","Condition","Read"
"","44837101","416.1","Kyphoscoliotic heart disease","4-dig billing code","Non-Standard","Condition","ICD9CM"
"","44836139","674.51","Peripartum cardiomyopathy, delivered, with or without mention of antepartum condition","5-dig billing code","Non-Standard","Condition","ICD9CM"
"","44835944","428.33","Acute on chronic diastolic heart failure","5-dig billing code","Non-Standard","Condition","ICD9CM"
"","44835943","428.32","Chronic diastolic heart failure","5-dig billing code","Non-Standard","Condition","ICD9CM"
"","44834732","428.2","Systolic heart failure","4-dig nonbill code","Non-Standard","Condition","ICD9CM"
"","44833781","674.50","Peripartum cardiomyopathy, unspecified as to episode of care or not applicable","5-dig billing code","Non-Standard","Condition","ICD9CM"
"","44833573","428.23","Acute on chronic systolic heart failure","5-dig billing code","Non-Standard","Condition","ICD9CM"
"","44833557","402.01","Malignant hypertensive heart disease with heart failure","5-dig billing code","Non-Standard","Condition","ICD9CM"
"","44832588","674.53","Peripartum cardiomyopathy, antepartum condition or complication","5-dig billing code","Non-Standard","Condition","ICD9CM"
"","44831250","428.30","Diastolic heart failure, unspecified","5-dig billing code","Non-Standard","Condition","ICD9CM"
"","44831249","428.3","Diastolic heart failure","4-dig nonbill code","Non-Standard","Condition","ICD9CM"
"","44831248","428.22","Chronic systolic heart failure","5-dig billing code","Non-Standard","Condition","ICD9CM"
"","44831230","402.91","Unspecified hypertensive heart disease with heart failure","5-dig billing code","Non-Standard","Condition","ICD9CM"
"","44830086","428.20","Systolic heart failure, unspecified","5-dig billing code","Non-Standard","Condition","ICD9CM"
"","44828976","416.9","Chronic pulmonary heart disease, unspecified","4-dig billing code","Non-Standard","Condition","ICD9CM"
"","44827796","428.9","Heart failure, unspecified","4-dig billing code","Non-Standard","Condition","ICD9CM"
"","44827795","428.41","Acute combined systolic and diastolic heart failure","5-dig billing code","Non-Standard","Condition","ICD9CM"
"","44827794","428.1","Left heart failure","4-dig billing code","Non-Standard","Condition","ICD9CM"
"","44827786","416.8","Other chronic pulmonary heart diseases","4-dig billing code","Non-Standard","Condition","ICD9CM"
"","44826642","428.0","Congestive heart failure, unspecified","4-dig billing code","Non-Standard","Condition","ICD9CM"
"","44825640","674.54","Peripartum cardiomyopathy, postpartum condition or complication","5-dig billing code","Non-Standard","Condition","ICD9CM"
"","44825435","415.0","Acute cor pulmonale","4-dig billing code","Non-Standard","Condition","ICD9CM"
"","44825434","415","Acute pulmonary heart disease","3-dig nonbill code","Non-Standard","Condition","ICD9CM"
"","44824251","428.31","Acute diastolic heart failure","5-dig billing code","Non-Standard","Condition","ICD9CM"
"","44824250","428","Heart failure","3-dig nonbill code","Non-Standard","Condition","ICD9CM"
"","44824239","416","Chronic pulmonary heart disease","3-dig nonbill code","Non-Standard","Condition","ICD9CM"
"","44824235","404.93","Hypertensive heart and chronic kidney disease, unspecified, with heart failure and chronic kidney disease stage V or end stage renal disease","5-dig billing code","Non-Standard","Condition","ICD9CM"
"","44823119","428.43","Acute on chronic combined systolic and diastolic heart failure","5-dig billing code","Non-Standard","Condition","ICD9CM"
"","44823110","402.11","Benign hypertensive heart disease with heart failure","5-dig billing code","Non-Standard","Condition","ICD9CM"
"","44822154","674.5","Peripartum cardiomyopathy","4-dig nonbill code","Non-Standard","Condition","ICD9CM"
"","44820870","428.42","Chronic combined systolic and diastolic heart failure","5-dig billing code","Non-Standard","Condition","ICD9CM"
"","44820869","428.21","Acute systolic heart failure","5-dig billing code","Non-Standard","Condition","ICD9CM"
"","44820856","404.13","Hypertensive heart and chronic kidney disease, benign, with heart failure and chronic kidney disease stage V or end stage renal disease","5-dig billing code","Non-Standard","Condition","ICD9CM"
"","44819925","674.52","Peripartum cardiomyopathy, delivered, with mention of postpartum condition","5-dig billing code","Non-Standard","Condition","ICD9CM"
"","44819696","404.91","Hypertensive heart and chronic kidney disease, unspecified, with heart failure and with chronic kidney disease stage I through stage IV, or unspecified","5-dig billing code","Non-Standard","Condition","ICD9CM"
"","44819695","404.11","Hypertensive heart and chronic kidney disease, benign, with heart failure and with chronic kidney disease stage I through stage IV, or unspecified","5-dig billing code","Non-Standard","Condition","ICD9CM"
"","44819693","404.03","Hypertensive heart and chronic kidney disease, malignant, with heart failure and with chronic kidney disease stage V or end stage renal disease","5-dig billing code","Non-Standard","Condition","ICD9CM"
"","44819692","404.01","Hypertensive heart and chronic kidney disease, malignant, with heart failure and with chronic kidney disease stage I through stage IV, or unspecified","5-dig billing code","Non-Standard","Condition","ICD9CM"
"","44813044","501871000000106","[D]Cardiorespiratory failure","Context-dependent","Non-Standard","Observation","SNOMED"
"","44797107","425991000000100","[X]Other specified pulmonary heart diseases","Disorder","Non-Standard","Condition","SNOMED"
"","44784442","698594003","Symptomatic congestive heart failure","Disorder","Standard","Condition","SNOMED"
"","44784345","72481000119103","Congestive heart failure as early postoperative complication","Disorder","Standard","Condition","SNOMED"
"","44782733","153951000119103","Acute on chronic combined systolic and diastolic heart failure","Disorder","Standard","Condition","SNOMED"
"","44782728","15781000119107","Hypertensive heart AND chronic kidney disease with congestive heart failure","Disorder","Standard","Condition","SNOMED"
"","44782719","153941000119100","Chronic combined systolic and diastolic heart failure","Disorder","Standard","Condition","SNOMED"
"","44782718","153931000119109","Acute combined systolic and diastolic heart failure","Disorder","Standard","Condition","SNOMED"
"","44782713","23341000119109","Congestive heart failure with right heart failure","Disorder","Standard","Condition","SNOMED"
"","44782655","698296002","Acute exacerbation of chronic congestive heart failure","Disorder","Standard","Condition","SNOMED"
"","44782428","101281000119107","Congestive heart failure due to cardiomyopathy","Disorder","Standard","Condition","SNOMED"
"","43530961","609507007","Induced termination of pregnancy complicated by cardiac failure","Disorder","Standard","Condition","SNOMED"
"","43530643","120901000119108","Diastolic heart failure stage B","Disorder","Standard","Condition","SNOMED"
"","43530642","120871000119108","Systolic heart failure stage B","Disorder","Standard","Condition","SNOMED"
"","43022068","96311000119109","Exacerbation of congestive heart failure","Disorder","Standard","Condition","SNOMED"
"","43022054","462174007","Fetal heart failure with myocardial hypertrophy","Disorder","Standard","Condition","SNOMED"
"","43021842","120891000119109","Diastolic heart failure stage C","Disorder","Standard","Condition","SNOMED"
"","43021841","120881000119106","Diastolic heart failure stage D","Disorder","Standard","Condition","SNOMED"
"","43021840","120851000119104","Systolic heart failure stage D","Disorder","Standard","Condition","SNOMED"
"","43021826","67441000119101","Congestive heart failure stage C","Disorder","Standard","Condition","SNOMED"
"","43021825","67431000119105","Congestive heart failure stage D","Disorder","Standard","Condition","SNOMED"
"","43021736","462175008","Fetal heart failure with redistribution of cardiac output","Disorder","Standard","Condition","SNOMED"
"","43021735","462172006","Fetal heart failure","Disorder","Standard","Condition","SNOMED"
"","43020657","471880001","Heart failure due to end stage congenital heart disease","Disorder","Standard","Condition","SNOMED"
"","43020421","120861000119102","Systolic heart failure stage C","Disorder","Standard","Condition","SNOMED"
"","42495841","P29.0","Neonatal cardiac failure","KCD7 code","Non-Standard","Condition","KCD7"
"","42488532","I50.9","Heart failure, unspecified","KCD7 code","Non-Standard","Condition","KCD7"
"","42488531","I50.1","Left ventricular failure","KCD7 code","Non-Standard","Condition","KCD7"
"","42488527","I50.0","Congestive heart failure","KCD7 code","Non-Standard","Condition","KCD7"
"","42488526","I50","Heart failure","KCD7 code","Non-Standard","Condition","KCD7"
"","42488402","I27.9","Pulmonary heart disease, unspecified","KCD7 code","Non-Standard","Condition","KCD7"
"","42488400","I27.1","Kyphoscoliotic heart disease","KCD7 code","Non-Standard","Condition","KCD7"
"","42488398","I27","Other pulmonary heart diseases","KCD7 code","Non-Standard","Condition","KCD7"
"","42488396","I26.0","Pulmonary embolism with mention of acute cor pulmonale","KCD7 code","Non-Standard","Condition","KCD7"
"","42488339","I13.2","Hypertensive heart and renal disease with both (congestive) heart failure and renal failure","KCD7 code","Non-Standard","Condition","KCD7"
"","42488338","I27.8","Other specified pulmonary heart diseases","KCD7 code","Non-Standard","Condition","KCD7"
"","42488336","I13.0","Hypertensive heart and renal disease with (congestive) heart failure","KCD7 code","Non-Standard","Condition","KCD7"
"","42488330","I11.0","Hypertensive heart disease with (congestive) heart failure","KCD7 code","Non-Standard","Condition","KCD7"
"","40612215","61783007","Acute right-sided heart failure","Disorder","Non-Standard","Condition","SNOMED"
"","40486933","446221000","Heart failure with normal ejection fraction","Disorder","Standard","Condition","SNOMED"
"","40482857","445236007","Cardiorenal syndrome","Disorder","Standard","Condition","SNOMED"
"","40481043","443344007","Acute on chronic diastolic heart failure","Disorder","Standard","Condition","SNOMED"
"","40481042","443343001","Acute diastolic heart failure","Disorder","Standard","Condition","SNOMED"
"","40480603","443254009","Acute systolic heart failure","Disorder","Standard","Condition","SNOMED"
"","40480602","443253003","Acute on chronic systolic heart failure","Disorder","Standard","Condition","SNOMED"
"","40479576","441530006","Chronic diastolic heart failure","Disorder","Standard","Condition","SNOMED"
"","40479192","441481004","Chronic systolic heart failure","Disorder","Standard","Condition","SNOMED"
"","40406684","206594000","Neonatal cardiac failure","Disorder","Non-Standard","Condition","SNOMED"
"","40398922","194890001","Chronic cor pulmonale (& [NOS])","Disorder","Non-Standard","Condition","SNOMED"
"","40398918","194886003","Kyphoscoliotic heart disease","Disorder","Non-Standard","Condition","SNOMED"
"","40398917","194885004","Chronic pulmonary heart disease","Disorder","Non-Standard","Condition","SNOMED"
"","40398913","194881008","Acute cor pulmonale","Disorder","Non-Standard","Condition","SNOMED"
"","40398911","194880009","Acute pulmonary heart disease","Disorder","Non-Standard","Condition","SNOMED"
"","40398399","194763002","Malignant hypertensive heart disease with congestive cardiac failure","Disorder","Non-Standard","Condition","SNOMED"
"","40395701","199277001","Cardiomyopathy in the puerperium","Disorder","Non-Standard","Condition","SNOMED"
"","40394121","195549000","[X]Other specified pulmonary heart diseases","Disorder","Non-Standard","Condition","SNOMED"
"","40392302","195116000","Acute heart failure","Disorder","Non-Standard","Condition","SNOMED"
"","40392295","195110006","Chronic congestive heart failure","Disorder","Non-Standard","Condition","SNOMED"
"","40392294","195109001","Acute congestive heart failure","Disorder","Non-Standard","Condition","SNOMED"
"","40323943","155377000","Heart failure NOS","Disorder","Non-Standard","Condition","SNOMED"
"","40323942","155376009","Left ventricular failure","Disorder","Non-Standard","Condition","SNOMED"
"","40323941","155375008","(Congestive cardiac failure) or (dropsy) or (cardiac insufficiency) or (right heart failure) or (right ventricular failure)","Disorder","Non-Standard","Condition","SNOMED"
"","40323940","155374007","Heart failure","Disorder","Non-Standard","Condition","SNOMED"
"","40323891","155330005","Other pulmonary heart disease","Disorder","Non-Standard","Condition","SNOMED"
"","40323890","155329000","(Chronic cor pulmonale) or (pulmonary heart disease NOS)","Disorder","Non-Standard","Condition","SNOMED"
"","40323888","155327003","Chronic pulmonary heart disease","Disorder","Non-Standard","Condition","SNOMED"
"","40323886","155325006","Acute cor pulmonale","Disorder","Non-Standard","Condition","SNOMED"
"","40323885","155324005","Acute pulmonary heart disease","Disorder","Non-Standard","Condition","SNOMED"
"","40323884","155323004","Pulmonary heart disease","Disorder","Non-Standard","Condition","SNOMED"
"","40321015","158732004","[D]Cardiorespiratory failure","Context-dependent","Non-Standard","Observation","SNOMED"
"","37311948","788950000","Heart failure with mid range ejection fraction","Disorder","Standard","Condition","SNOMED"
"","37309625","16838951000119100","Acute on chronic right-sided congestive heart failure","Disorder","Standard","Condition","SNOMED"
"","37167218","1264003007","Postcardiotomy acute right ventricular failure","Disorder","Standard","Condition","SNOMED"
"","37163268","1208850004","Right ventricular failure due to right ventricular infarction","Disorder","Standard","Condition","SNOMED"
"","37163266","1208848007","Right ventricular failure due to pulmonary vascular disease","Disorder","Standard","Condition","SNOMED"
"","37163264","1208846006","Right ventricular failure due to pulmonary disease","Disorder","Standard","Condition","SNOMED"
"","37163261","1208843003","Right ventricular failure due to valvular heart disease","Disorder","Standard","Condition","SNOMED"
"","37163135","1204468000","Right ventricular failure with sepsis","Disorder","Standard","Condition","SNOMED"
"","37163130","1204462004","Left ventricular failure with sepsis","Disorder","Standard","Condition","SNOMED"
"","37163128","1204460007","Myocardial dysfunction with sepsis","Disorder","Standard","Condition","SNOMED"
"","37163071","1204206001","Left ventricular failure with normal ejection fraction due to cardiomyopathy","Disorder","Standard","Condition","SNOMED"
"","37163069","1204204003","Left ventricular failure with normal ejection fraction due to myocarditis","Disorder","Standard","Condition","SNOMED"
"","37163068","1204203009","Left ventricular failure with normal ejection fraction due to coronary artery disease","Disorder","Standard","Condition","SNOMED"
"","37163065","1204200007","Left ventricular failure with normal ejection fraction due to valvular heart disease","Disorder","Standard","Condition","SNOMED"
"","37110330","724550005","Neonatal cardiac failure due to pulmonary overperfusion","Disorder","Standard","Condition","SNOMED"
"","36717359","15629641000119107","Systolic heart failure stage B due to ischemic cardiomyopathy","Disorder","Standard","Condition","SNOMED"
"","36716748","722919003","Neonatal cardiac failure due to decreased left ventricular output","Disorder","Standard","Condition","SNOMED"
"","36716182","722095005","Acute kidney injury due to circulatory failure","Disorder","Standard","Condition","SNOMED"
"","36713488","717840005","Congestive heart failure stage B","Disorder","Standard","Condition","SNOMED"
"","36712929","15629741000119102","Systolic heart failure stage C due to ischemic cardiomyopathy","Disorder","Standard","Condition","SNOMED"
"","36712928","15629591000119103","Congestive heart failure stage B due to ischemic cardiomyopathy","Disorder","Standard","Condition","SNOMED"
"","36712927","15629541000119106","Congestive heart failure stage C due to ischemic cardiomyopathy","Disorder","Standard","Condition","SNOMED"
"","35615055","15964701000119109","Saddle embolus of pulmonary artery with acute cor pulmonale","Disorder","Standard","Condition","SNOMED"
"","35210517","P29.0","Neonatal cardiac failure","4-char billing code","Non-Standard","Condition","ICD10CM"
"","35210386","O90.3","Peripartum cardiomyopathy","4-char billing code","Non-Standard","Condition","ICD10CM"
"","35207793","I50.9","Heart failure, unspecified","4-char billing code","Non-Standard","Condition","ICD10CM"
"","35207792","I50.1","Left ventricular failure, unspecified","4-char billing code","Non-Standard","Condition","ICD10CM"
"","35207710","I27.9","Pulmonary heart disease, unspecified","4-char billing code","Non-Standard","Condition","ICD10CM"
"","35207708","I27.1","Kyphoscoliotic heart disease","4-char billing code","Non-Standard","Condition","ICD10CM"
"","35207673","I13.0","Hypertensive heart and chronic kidney disease with heart failure and stage 1 through stage 4 chronic kidney disease, or unspecified chronic kidney disease","4-char billing code","Non-Standard","Condition","ICD10CM"
"","35207669","I11.0","Hypertensive heart disease with heart failure","4-char billing code","Non-Standard","Condition","ICD10CM"
"","4327205","74960003","Acute left-sided congestive heart failure","Disorder","Standard","Condition","SNOMED"
"","4311437","424404003","Decompensated chronic heart failure","Disorder","Standard","Condition","SNOMED"
"","4307356","83291003","Cor pulmonale","Disorder","Standard","Condition","SNOMED"
"","4284562","66989003","Chronic right-sided congestive heart failure","Disorder","Standard","Condition","SNOMED"
"","4284110","67189007","Acute pulmonary heart disease","Disorder","Non-Standard","Condition","SNOMED"
"","4273632","367363000","Right ventricular failure","Disorder","Standard","Condition","SNOMED"
"","4267800","364006","Acute left-sided heart failure","Disorder","Standard","Condition","SNOMED"
"","4264636","60856006","Cardiac insufficiency following cardiac surgery","Disorder","Standard","Condition","SNOMED"
"","4259490","410431009","Cardiorespiratory failure","Disorder","Standard","Condition","SNOMED"
"","4242669","92506005","Biventricular congestive heart failure","Disorder","Standard","Condition","SNOMED"
"","4233424","359617009","Acute right-sided heart failure","Disorder","Standard","Condition","SNOMED"
"","4233224","89819002","Cardiac insufficiency during AND/OR resulting from a procedure","Disorder","Standard","Condition","SNOMED"
"","4231738","359620001","Acute right heart failure","Disorder","Non-Standard","Condition","SNOMED"
"","4229440","88805009","Chronic congestive heart failure","Disorder","Standard","Condition","SNOMED"
"","4215802","71892000","Cardiac asthma","Disorder","Standard","Condition","SNOMED"
"","4215446","80479009","Acute right-sided congestive heart failure","Disorder","Standard","Condition","SNOMED"
"","4206009","5375005","Chronic left-sided congestive heart failure","Disorder","Standard","Condition","SNOMED"
"","4205558","55565007","Cardiac failure after obstetrical surgery AND/OR other procedure including delivery","Disorder","Standard","Condition","SNOMED"
"","4199500","314206003","Refractory heart failure","Disorder","Standard","Condition","SNOMED"
"","4195892","79955004","Chronic cor pulmonale","Disorder","Standard","Condition","SNOMED"
"","4195785","44313006","Right heart failure secondary to left heart failure","Disorder","Standard","Condition","SNOMED"
"","4193236","78862003","Ayerza's syndrome","Disorder","Standard","Condition","SNOMED"
"","4185565","44088000","Low cardiac output syndrome","Disorder","Standard","Condition","SNOMED"
"","4177493","5053004","Cardiac insufficiency due to prosthesis","Disorder","Standard","Condition","SNOMED"
"","4172864","276514007","Neonatal cardiac failure","Disorder","Standard","Condition","SNOMED"
"","4167085","274096000","Pulmonary heart disease","Disorder","Non-Standard","Condition","SNOMED"
"","4148114","266233000","Chronic pulmonary heart disease NOS","Disorder","Non-Standard","Condition","SNOMED"
"","4145488","266248006","Heart failure NOS","Disorder","Non-Standard","Condition","SNOMED"
"","4142561","426611007","Congestive heart failure due to valvular disease","Disorder","Standard","Condition","SNOMED"
"","4141124","33644002","Postvalvulotomy syndrome","Disorder","Standard","Condition","SNOMED"
"","4139864","426263006","Congestive heart failure due to left ventricular systolic dysfunction","Disorder","Standard","Condition","SNOMED"
"","4138307","426012001","Right heart failure due to pulmonary hypertension","Disorder","Non-Standard","Condition","SNOMED"
"","4134890","128404006","Right heart failure","Disorder","Non-Standard","Condition","SNOMED"
"","4124705","233924009","Heart failure as a complication of care","Disorder","Standard","Condition","SNOMED"
"","4117676","286952009","Pulmonary heart disease NOS","Disorder","Non-Standard","Condition","SNOMED"
"","4113780","286953004","Other pulmonary heart disease","Disorder","Non-Standard","Condition","SNOMED"
"","4113506","198868006","Cardiac failure following abortive pregnancy","Disorder","Non-Standard","Condition","SNOMED"
"","4111554","195111005","Decompensated cardiac failure","Disorder","Standard","Condition","SNOMED"
"","4108683","194887007","Other chronic pulmonary heart disease","Disorder","Non-Standard","Condition","SNOMED"
"","4108682","194884000","Acute pulmonary heart disease NOS","Disorder","Non-Standard","Condition","SNOMED"
"","4108245","195114002","Acute left ventricular failure","Disorder","Standard","Condition","SNOMED"
"","4108244","195112003","Compensated cardiac failure","Disorder","Standard","Condition","SNOMED"
"","4108221","194889005","Other chronic pulmonary heart disease NOS","Disorder","Non-Standard","Condition","SNOMED"
"","4103448","25544003","Low output heart failure","Disorder","Standard","Condition","SNOMED"
"","4093993","24841007","Cardiorespiratory failure during AND/OR resulting from a procedure","Disorder","Standard","Condition","SNOMED"
"","4080898","276741000","Sepsis-associated myocardial dysfunction","Disorder","Non-Standard","Condition","SNOMED"
"","4079695","277638005","Sepsis-associated left ventricular failure","Disorder","Non-Standard","Condition","SNOMED"
"","4079296","277639002","Sepsis-associated right ventricular failure","Disorder","Non-Standard","Condition","SNOMED"
"","4071869","206586007","Congenital cardiac failure","Disorder","Standard","Condition","SNOMED"
"","4037495","16253001","Dilated peripartum cardiomyopathy","Disorder","Standard","Condition","SNOMED"
"","4030258","13839000","Bernheim's syndrome","Disorder","Standard","Condition","SNOMED"
"","4023479","10633002","Acute congestive heart failure","Disorder","Standard","Condition","SNOMED"
"","4014159","10335000","Chronic right-sided heart failure","Disorder","Standard","Condition","SNOMED"
"","4009047","111283005","Chronic left-sided heart failure","Disorder","Standard","Condition","SNOMED"
"","4008851","207553000","[D]Cardiorespiratory failure","Context-dependent","Non-Standard","Observation","SNOMED"
"","4004279","10091002","High output heart failure","Disorder","Standard","Condition","SNOMED"
"","3656094","871617000","Low output heart failure due to and following Fontan operation","Disorder","Standard","Condition","SNOMED"
"","3557177","519531000000108","Cardiorenal syndrome","Disorder","Non-Standard","Condition","SNOMED"
"","3548004","1064941000000106","Heart failure with reduced ejection fraction","Disorder","Non-Standard","Condition","SNOMED"
"","3545524","834741000000101","Right ventricular failure","Undefined","Non-Standard","Observation","SNOMED"
"","3540801","684231000000104","Chronic pulmonary heart disease NOS","Disorder","Non-Standard","Condition","SNOMED"
"","3538695","653021000000102","Acute pulmonary heart disease NOS","Disorder","Non-Standard","Condition","SNOMED"
"","3537732","639401000000103","Other chronic pulmonary heart disease","Disorder","Non-Standard","Condition","SNOMED"
"","3527727","338101000000107","Congestive heart failure due to valvular disease","Undefined","Non-Standard","Observation","SNOMED"
"","3527337","325431000000103","Congestive heart failure due to valvular disease","Disorder","Non-Standard","Condition","SNOMED"
"","3522693","67451000119104","Congestive heart failure stage B","Disorder","Non-Standard","Condition","SNOMED"
"","3521298","749821000000101","Heart failure with normal ejection fraction","Disorder","Non-Standard","Condition","SNOMED"
"","3521176","689201000000109","Pulmonary heart disease NOS","Disorder","Non-Standard","Condition","SNOMED"
"","3520382","608451000000100","Other chronic pulmonary heart disease NOS","Disorder","Non-Standard","Condition","SNOMED"
"","3425216","462174007","Foetal heart failure with myocardial hypertrophy","Clinical Finding","Non-Standard","Condition","Nebraska Lexicon"
"","3417358","276741000","Sepsis-associated myocardial dysfunction","Clinical Finding","Non-Standard","Condition","Nebraska Lexicon"
"","3409639","443344007","Acute on chronic diastolic heart failure","Clinical Finding","Non-Standard","Condition","Nebraska Lexicon"
"","3408570","724550005","Neonatal cardiac failure due to pulmonary overperfusion","Clinical Finding","Non-Standard","Condition","Nebraska Lexicon"
"","3408533","195112003","Compensated cardiac failure","Clinical Finding","Non-Standard","Condition","Nebraska Lexicon"
"","3407146","44313006","Right heart failure secondary to left heart failure","Clinical Finding","Non-Standard","Condition","Nebraska Lexicon"
"","3404427","80479009","Acute right-sided congestive heart failure","Clinical Finding","Non-Standard","Condition","Nebraska Lexicon"
"","3396555","277638005","Sepsis-associated left ventricular failure","Clinical Finding","Non-Standard","Condition","Nebraska Lexicon"
"","3394766","717840005","Congestive heart failure stage B","Clinical Finding","Non-Standard","Condition","Nebraska Lexicon"
"","3393894","367363000","Right ventricular failure","Clinical Finding","Non-Standard","Condition","Nebraska Lexicon"
"","3390915","417996009","Systolic heart failure","Clinical Finding","Non-Standard","Condition","Nebraska Lexicon"
"","3388364","285221000119109","Congestive heart failure as post-operative complication of non-cardiac surgery","Clinical Finding","Non-Standard","Condition","Nebraska Lexicon"
"","3388117","703276005","Heart failure with reduced ejection fraction due to heart valve disease","Clinical Finding","Non-Standard","Condition","Nebraska Lexicon"
"","3385883","443343001","Acute diastolic heart failure","Clinical Finding","Non-Standard","Condition","Nebraska Lexicon"
"","3385214","42343007","Congestive cardiac failure","Clinical Finding","Non-Standard","Condition","Nebraska Lexicon"
"","3379825","49584005","Acute cor pulmonale","Clinical Finding","Non-Standard","Condition","Nebraska Lexicon"
"","3374087","153951000119103","Acute on chronic combined systolic and diastolic heart failure","Clinical Finding","Non-Standard","Condition","Nebraska Lexicon"
"","3373696","15629541000119106","Congestive heart failure stage C due to ischaemic cardiomyopathy","Clinical Finding","Non-Standard","Condition","Nebraska Lexicon"
"","3372831","704242009","Foetal heart failure due to extracardiac disease","Clinical Finding","Non-Standard","Condition","Nebraska Lexicon"
"","3366670","85232009","Left-sided heart failure","Clinical Finding","Non-Standard","Condition","Nebraska Lexicon"
"","3363555","16253001","Dilated cardiomyopathy secondary to peripartum heart disease","Clinical Finding","Non-Standard","Condition","Nebraska Lexicon"
"","3361258","698594003","Symptomatic congestive heart failure","Clinical Finding","Non-Standard","Condition","Nebraska Lexicon"
"","3360061","5375005","Chronic left-sided congestive heart failure","Clinical Finding","Non-Standard","Condition","Nebraska Lexicon"
"","3359946","722095005","Acute kidney injury due to circulatory failure","Clinical Finding","Non-Standard","Condition","Nebraska Lexicon"
"","3359279","462175008","Foetal heart failure with redistribution of cardiac output","Clinical Finding","Non-Standard","Condition","Nebraska Lexicon"
"","3357820","443253003","Acute on chronic systolic heart failure","Clinical Finding","Non-Standard","Condition","Nebraska Lexicon"
"","3354465","446221000","Heart failure with preserved ejection fraction","Clinical Finding","Non-Standard","Condition","Nebraska Lexicon"
"","3351626","15629741000119102","Systolic heart failure stage C due to ischaemic cardiomyopathy","Clinical Finding","Non-Standard","Condition","Nebraska Lexicon"
"","3350885","443254009","Acute systolic heart failure","Clinical Finding","Non-Standard","Condition","Nebraska Lexicon"
"","3349515","441530006","Chronic diastolic heart failure","Clinical Finding","Non-Standard","Condition","Nebraska Lexicon"
"","3346391","462172006","Foetal heart failure","Clinical Finding","Non-Standard","Condition","Nebraska Lexicon"
"","3346197","359617009","Acute right-sided heart failure","Clinical Finding","Non-Standard","Condition","Nebraska Lexicon"
"","3345431","7401000175100","Acute on chronic heart failure co-occurrent with normal ejection fraction","Clinical Finding","Non-Standard","Condition","Nebraska Lexicon"
"","3345389","7421000175106","Acute heart failure co-occurrent with normal ejection fraction","Clinical Finding","Non-Standard","Condition","Nebraska Lexicon"
"","3344626","7371000175103","Reduced ejection fraction co-occurrent and due to acute on chronic heart failure","Clinical Finding","Non-Standard","Condition","Nebraska Lexicon"
"","3343188","55565007","Cardiac failure after obstetrical surgery AND/OR other procedure including delivery","Clinical Finding","Non-Standard","Condition","Nebraska Lexicon"
"","3342815","10633002","Acute congestive heart failure","Clinical Finding","Non-Standard","Condition","Nebraska Lexicon"
"","3341712","120871000119108","Systolic heart failure stage B","Clinical Finding","Non-Standard","Condition","Nebraska Lexicon"
"","3340235","5053004","Cardiac insufficiency due to prosthesis","Clinical Finding","Non-Standard","Condition","Nebraska Lexicon"
"","3338321","120901000119108","Diastolic heart failure stage B","Clinical Finding","Non-Standard","Condition","Nebraska Lexicon"
"","3338098","15629641000119107","Systolic heart failure stage B due to ischaemic cardiomyopathy","Clinical Finding","Non-Standard","Condition","Nebraska Lexicon"
"","3337236","67441000119101","Congestive heart failure stage C","Clinical Finding","Non-Standard","Condition","Nebraska Lexicon"
"","3336502","120881000119106","Diastolic heart failure, stage D","Clinical Finding","Non-Standard","Condition","Nebraska Lexicon"
"","3333052","45650007","Kyphoscoliotic heart disease","Clinical Finding","Non-Standard","Condition","Nebraska Lexicon"
"","3332523","101281000119107","Congestive heart failure due to cardiomyopathy","Clinical Finding","Non-Standard","Condition","Nebraska Lexicon"
"","3329783","111283005","Chronic left-sided heart failure","Clinical Finding","Non-Standard","Condition","Nebraska Lexicon"
"","3325151","206586007","Congenital cardiac failure","Clinical Finding","Non-Standard","Condition","Nebraska Lexicon"
"","3324750","10335000","Chronic right-sided heart failure","Clinical Finding","Non-Standard","Condition","Nebraska Lexicon"
"","3324149","72481000119103","Congestive heart failure as early postoperative complication","Clinical Finding","Non-Standard","Condition","Nebraska Lexicon"
"","3321690","120891000119109","Diastolic heart failure, stage C","Clinical Finding","Non-Standard","Condition","Nebraska Lexicon"
"","3318951","83291003","Right heart failure due to pulmonary disease","Clinical Finding","Non-Standard","Condition","Nebraska Lexicon"
"","3317808","703274008","Heart failure with reduced ejection fraction due to myocarditis","Clinical Finding","Non-Standard","Condition","Nebraska Lexicon"
"","3316554","24841007","Cardiorespiratory failure during AND/OR resulting from a procedure","Clinical Finding","Non-Standard","Condition","Nebraska Lexicon"
"","3315111","233924009","Heart failure as a complication of care","Clinical Finding","Non-Standard","Condition","Nebraska Lexicon"
"","3311499","194779001","Hypertensive heart and renal disease with (congestive) heart failure","Clinical Finding","Non-Standard","Condition","Nebraska Lexicon"
"","3310444","7391000175102","Reduced ejection fraction co-occurrent and due to acute heart failure","Clinical Finding","Non-Standard","Condition","Nebraska Lexicon"
"","3309723","25544003","Low output heart failure","Clinical Finding","Non-Standard","Condition","Nebraska Lexicon"
"","3308632","13839000","Right ventricular obstruction - failure syndrome","Clinical Finding","Non-Standard","Condition","Nebraska Lexicon"
"","3308275","285211000119102","Congestive heart failure as post-operative complication of cardiac surgery","Clinical Finding","Non-Standard","Condition","Nebraska Lexicon"
"","3307763","128404006","Right heart failure","Clinical Finding","Non-Standard","Condition","Nebraska Lexicon"
"","3306835","471880001","Heart failure due to end stage congenital heart disease","Clinical Finding","Non-Standard","Condition","Nebraska Lexicon"
"","3303280","48447003","Chronic heart failure","Clinical Finding","Non-Standard","Condition","Nebraska Lexicon"
"","3302151","698296002","Acute exacerbation of chronic congestive heart failure","Clinical Finding","Non-Standard","Condition","Nebraska Lexicon"
"","3294939","194781004","Hypertensive heart and renal disease with both (congestive) heart failure and renal failure","Clinical Finding","Non-Standard","Condition","Nebraska Lexicon"
"","3293758","84114007","Cardiac insufficiency","Clinical Finding","Non-Standard","Condition","Nebraska Lexicon"
"","3289736","445236007","Cardiorenal syndrome","Clinical Finding","Non-Standard","Condition","Nebraska Lexicon"
"","3284733","120861000119102","Systolic heart failure, stage C","Clinical Finding","Non-Standard","Condition","Nebraska Lexicon"
"","3282972","276514007","Cardiac failure developing in the perinatal period","Clinical Finding","Non-Standard","Condition","Nebraska Lexicon"
"","3282213","277639002","Sepsis-associated right ventricular failure","Clinical Finding","Non-Standard","Condition","Nebraska Lexicon"
"","3281973","195114002","Acute left ventricular failure","Clinical Finding","Non-Standard","Condition","Nebraska Lexicon"
"","3281404","33644002","Postvalvulotomy syndrome","Clinical Finding","Non-Standard","Condition","Nebraska Lexicon"
"","3279179","5148006","Hypertensive heart disease with congestive heart failure","Clinical Finding","Non-Standard","Condition","Nebraska Lexicon"
"","3278140","83105008","Malignant hypertensive heart disease with congestive cardiac failure","Clinical Finding","Non-Standard","Condition","Nebraska Lexicon"
"","3276460","60856006","Cardiac insufficiency following cardiac surgery","Clinical Finding","Non-Standard","Condition","Nebraska Lexicon"
"","3276307","15629591000119103","Congestive heart failure stage B due to ischaemic cardiomyopathy","Clinical Finding","Non-Standard","Condition","Nebraska Lexicon"
"","3275283","74960003","Acute left-sided congestive heart failure","Clinical Finding","Non-Standard","Condition","Nebraska Lexicon"
"","3271427","426611007","Congestive heart failure due to valvular disease","Clinical Finding","Non-Standard","Condition","Nebraska Lexicon"
"","3271386","153931000119109","Acute combined systolic and diastolic heart failure","Clinical Finding","Non-Standard","Condition","Nebraska Lexicon"
"","3270513","92506005","Biventricular congestive heart failure","Clinical Finding","Non-Standard","Condition","Nebraska Lexicon"
"","3264291","15781000119107","Hypertensive heart AND chronic kidney disease with congestive heart failure","Clinical Finding","Non-Standard","Condition","Nebraska Lexicon"
"","3263379","120851000119104","Systolic heart failure, stage D","Clinical Finding","Non-Standard","Condition","Nebraska Lexicon"
"","3262987","703275009","Heart failure with reduced ejection fraction due to cardiomyopathy","Clinical Finding","Non-Standard","Condition","Nebraska Lexicon"
"","3262751","62377009","Postpartum cardiomyopathy","Clinical Finding","Non-Standard","Condition","Nebraska Lexicon"
"","3261566","703272007","Heart failure with reduced ejection fraction","Clinical Finding","Non-Standard","Condition","Nebraska Lexicon"
"","3260596","15964701000119109","Acute cor pulmonale co-occurrent and due to saddle embolus of pulmonary artery","Clinical Finding","Non-Standard","Condition","Nebraska Lexicon"
"","3259780","10091002","High output heart failure","Clinical Finding","Non-Standard","Condition","Nebraska Lexicon"
"","3258872","96311000119109","Exacerbation of congestive heart failure","Clinical Finding","Non-Standard","Condition","Nebraska Lexicon"
"","3257036","23341000119109","Congestive heart failure with right heart failure","Clinical Finding","Non-Standard","Condition","Nebraska Lexicon"
"","3240348","88805009","Chronic congestive heart failure","Clinical Finding","Non-Standard","Condition","Nebraska Lexicon"
"","3239214","66989003","Chronic right-sided congestive heart failure","Clinical Finding","Non-Standard","Condition","Nebraska Lexicon"
"","3233880","89819002","Cardiac insufficiency during AND/OR resulting from a procedure","Clinical Finding","Non-Standard","Condition","Nebraska Lexicon"
"","3233273","78862003","Cardiopathia nigra","Clinical Finding","Non-Standard","Condition","Nebraska Lexicon"
"","3233048","426263006","Congestive heart failure due to left ventricular systolic dysfunction","Clinical Finding","Non-Standard","Condition","Nebraska Lexicon"
"","3230481","314206003","Refractory heart failure","Clinical Finding","Non-Standard","Condition","Nebraska Lexicon"
"","3230452","364006","Acute left-sided heart failure","Clinical Finding","Non-Standard","Condition","Nebraska Lexicon"
"","3229935","7411000175102","Chronic heart failure co-occurrent with normal ejection fraction","Clinical Finding","Non-Standard","Condition","Nebraska Lexicon"
"","3226092","44088000","Low cardiac output syndrome","Clinical Finding","Non-Standard","Condition","Nebraska Lexicon"
"","3225434","7381000175100","Reduced ejection fraction co-occurrent and due to chronic heart failure","Clinical Finding","Non-Standard","Condition","Nebraska Lexicon"
"","3222467","609507007","Induced termination of pregnancy complicated by cardiac failure","Clinical Finding","Non-Standard","Condition","Nebraska Lexicon"
"","3221915","79955004","Chronic cor pulmonale","Clinical Finding","Non-Standard","Condition","Nebraska Lexicon"
"","3221511","424404003","Decompensated chronic heart failure","Clinical Finding","Non-Standard","Condition","Nebraska Lexicon"
"","3220112","722919003","Neonatal cardiac failure due to decreased left ventricular output","Clinical Finding","Non-Standard","Condition","Nebraska Lexicon"
"","3186123","67431000119105","Congestive heart failure stage D","Clinical Finding","Non-Standard","Condition","Nebraska Lexicon"
"","3184320","12610001000004104","Heart failure exacerbated by Sotalol","Clinical Finding","Standard","Condition","Nebraska Lexicon"
"","3183329","441481004","Chronic systolic heart failure","Clinical Finding","Non-Standard","Condition","Nebraska Lexicon"
"","3182067","46113002","Hypertensive heart failure","Clinical Finding","Non-Standard","Condition","Nebraska Lexicon"
"","3181825","194767001","Benign hypertensive heart disease with congestive cardiac failure","Clinical Finding","Non-Standard","Condition","Nebraska Lexicon"
"","3181638","410431009","Cardiorespiratory failure","Clinical Finding","Non-Standard","Condition","Nebraska Lexicon"
"","3179582","703273002","Heart failure with reduced ejection fraction due to coronary artery disease","Clinical Finding","Non-Standard","Condition","Nebraska Lexicon"
"","3177476","195111005","Decompensated cardiac failure","Clinical Finding","Non-Standard","Condition","Nebraska Lexicon"
"","3171892","153941000119100","Chronic combined systolic and diastolic heart failure","Clinical Finding","Non-Standard","Condition","Nebraska Lexicon"
"","3171353","71892000","Asthma - cardiac","Clinical Finding","Non-Standard","Condition","Nebraska Lexicon"
"","3170697","56675007","Acute heart failure","Clinical Finding","Non-Standard","Condition","Nebraska Lexicon"
"","3169803","418304008","Diastolic heart failure","Clinical Finding","Non-Standard","Condition","Nebraska Lexicon"
"","3163469","77737007","Benign hypertensive heart disease with congestive heart failure","Clinical Finding","Non-Standard","Condition","Nebraska Lexicon"
"","3162023","67451000119104","Congestive heart failure stage B","Clinical Finding","Non-Standard","Condition","Nebraska Lexicon"
"","3150320","359620001","Acute right heart failure","Clinical Finding","Non-Standard","Condition","Nebraska Lexicon"
"","3141547","266248006","Heart failure NOS","Clinical Finding","Non-Standard","Condition","Nebraska Lexicon"
"","3137854","233925005","Right ventricular failure","Clinical Finding","Non-Standard","Condition","Nebraska Lexicon"
"","3137836","233704001","Acute cardiac pulmonary oedema","Clinical Finding","Non-Standard","Condition","Nebraska Lexicon"
"","3131462","207553000","[D]Cardiorespiratory failure","Context-dependent","Non-Standard","Observation","Nebraska Lexicon"
"","3130803","206594000","Neonatal cardiac failure","Clinical Finding","Non-Standard","Condition","Nebraska Lexicon"
"","3126902","199277001","Cardiomyopathy in the puerperium","Clinical Finding","Non-Standard","Condition","Nebraska Lexicon"
"","3126667","198868006","Cardiac failure following abortive pregnancy","Clinical Finding","Non-Standard","Condition","Nebraska Lexicon"
"","3124526","195116000","Acute heart failure","Clinical Finding","Non-Standard","Condition","Nebraska Lexicon"
"","3124525","195113008","Impaired left ventricular function","Clinical Finding","Non-Standard","Condition","Nebraska Lexicon"
"","3124524","195110006","Chronic congestive heart failure","Clinical Finding","Non-Standard","Condition","Nebraska Lexicon"
"","3124523","195109001","Acute congestive heart failure","Clinical Finding","Non-Standard","Condition","Nebraska Lexicon"
"","3124522","195108009","Heart failure: [right] or [congestive]","Clinical Finding","Non-Standard","Condition","Nebraska Lexicon"
"","3124503","195085006","Cardio-respiratory arrest","Clinical Finding","Non-Standard","Condition","Nebraska Lexicon"
"","3124381","194890001","Chronic cor pulmonale","Clinical Finding","Non-Standard","Condition","Nebraska Lexicon"
"","3124377","194886003","Kyphoscoliotic heart disease","Clinical Finding","Non-Standard","Condition","Nebraska Lexicon"
"","3124373","194881008","Acute cor pulmonale","Clinical Finding","Non-Standard","Condition","Nebraska Lexicon"
"","3124285","194763002","Malignant hypertensive heart disease with congestive cardiac failure","Clinical Finding","Non-Standard","Condition","Nebraska Lexicon"
"","3108482","158732004","[D]Cardiorespiratory failure","Context-dependent","Non-Standard","Observation","Nebraska Lexicon"
"","3105721","155377000","Heart failure NOS","Clinical Finding","Non-Standard","Condition","Nebraska Lexicon"
"","3105720","155376009","Left ventricular failure","Clinical Finding","Non-Standard","Condition","Nebraska Lexicon"
"","3105719","155375008","Congestive cardiac failure","Clinical Finding","Non-Standard","Condition","Nebraska Lexicon"
"","3105718","155374007","Heart failure","Clinical Finding","Non-Standard","Condition","Nebraska Lexicon"
"","3105677","155329000","Chronic cor pulmonale","Clinical Finding","Non-Standard","Condition","Nebraska Lexicon"
"","3105674","155325006","Acute cor pulmonale","Clinical Finding","Non-Standard","Condition","Nebraska Lexicon"
"","3082674","30298009","Cardiorespiratory failure","Clinical Finding","Non-Standard","Condition","Nebraska Lexicon"
"","3056506","61783007","Acute right-sided heart failure","Clinical Finding","Non-Standard","Condition","Nebraska Lexicon"
"","1571727","O29.12","Cardiac failure due to anesthesia during pregnancy","5-char nonbill code","Non-Standard","Condition","ICD10CM"
"","1569432","I97.7","Intraoperative cardiac functional disturbances","4-char nonbill code","Non-Standard","Condition","ICD10CM"
"","1569425","I97.13","Postprocedural heart failure","5-char nonbill code","Non-Standard","Condition","ICD10CM"
"","1569423","I97.11","Postprocedural cardiac insufficiency","5-char nonbill code","Non-Standard","Condition","ICD10CM"
"","1569181","I50.4","Combined systolic (congestive) and diastolic (congestive) heart failure","4-char nonbill code","Non-Standard","Condition","ICD10CM"
"","1569180","I50.3","Diastolic (congestive) heart failure","4-char nonbill code","Non-Standard","Condition","ICD10CM"
"","1569179","I50.2","Systolic (congestive) heart failure","4-char nonbill code","Non-Standard","Condition","ICD10CM"
"","1569178","I50","Heart failure","3-char nonbill code","Non-Standard","Condition","ICD10CM"
"","1569151","I27.8","Other specified pulmonary heart diseases","4-char nonbill code","Non-Standard","Condition","ICD10CM"
"","1569150","I27","Other pulmonary heart diseases","3-char nonbill code","Non-Standard","Condition","ICD10CM"
"","1569148","I26.0","Pulmonary embolism with acute cor pulmonale","4-char nonbill code","Non-Standard","Condition","ICD10CM"
"","1424716","P29.001","Neonatal cardiac insufficiency (machine translation)","ICD10 code","Non-Standard","Condition","ICD10CN"
"","1424715","P29.000","Neonatal cardiac failure","ICD10 code","Non-Standard","Condition","ICD10CN"
"","1424714","P29.0","Neonatal cardiac failure","ICD10 code","Non-Standard","Condition","ICD10CN"
"","1414269","I50.908","Chronic heart failure (machine translation)","ICD10 code","Non-Standard","Condition","ICD10CN"
"","1414268","I50.907","Acute heart failure (machine translation)","ICD10 code","Non-Standard","Condition","ICD10CN"
"","1414267","I50.906","Myocardial damage (machine translation)","ICD10 code","Non-Standard","Condition","ICD10CN"
"","1414266","I50.905","Cardiac function grade  (machine translation)","ICD10 code","Non-Standard","Condition","ICD10CN"
"","1414265","I50.904","Heart function  (machine translation)","ICD10 code","Non-Standard","Condition","ICD10CN"
"","1414264","I50.903","Heart function  (machine translation)","ICD10 code","Non-Standard","Condition","ICD10CN"
"","1414263","I50.902","Cardiac function  (machine translation)","ICD10 code","Non-Standard","Condition","ICD10CN"
"","1414262","I50.901","Heart failure (machine translation)","ICD10 code","Non-Standard","Condition","ICD10CN"
"","1414261","I50.900","Heart failure, unspecified","ICD10 code","Non-Standard","Condition","ICD10CN"
"","1414260","I50.9","Heart failure, unspecified","ICD10 code","Non-Standard","Condition","ICD10CN"
"","1414259","I50.105","Chronic left ventricular dysfunction (machine translation)","ICD10 code","Non-Standard","Condition","ICD10CN"
"","1414258","I50.104","Cardiac asthma (machine translation)","ICD10 code","Non-Standard","Condition","ICD10CN"
"","1414257","I50.103","Left heart failure with acute pulmonary edema (machine translation)","ICD10 code","Non-Standard","Condition","ICD10CN"
"","1414256","I50.102","Left atrial failure (machine translation)","ICD10 code","Non-Standard","Condition","ICD10CN"
"","1414255","I50.101","Acute left ventricular failure (machine translation)","ICD10 code","Non-Standard","Condition","ICD10CN"
"","1414254","I50.100","Left ventricular failure","ICD10 code","Non-Standard","Condition","ICD10CN"
"","1414253","I50.1","Left ventricular failure","ICD10 code","Non-Standard","Condition","ICD10CN"
"","1414252","I50.002","Heart failure (machine translation)","ICD10 code","Non-Standard","Condition","ICD10CN"
"","1414251","I50.001","Right heart failure (machine translation)","ICD10 code","Non-Standard","Condition","ICD10CN"
"","1414250","I50.000","Congestive heart failure","ICD10 code","Non-Standard","Condition","ICD10CN"
"","1414249","I50.0","Congestive heart failure","ICD10 code","Non-Standard","Condition","ICD10CN"
"","1414248","I50","Heart failure","ICD10 Hierarchy","Non-Standard","Condition","ICD10CN"
"","1413922","I27.900","Pulmonary heart disease, unspecified","ICD10 code","Non-Standard","Condition","ICD10CN"
"","1413921","I27.9","Pulmonary heart disease, unspecified","ICD10 code","Non-Standard","Condition","ICD10CN"
"","1413920","I27.800","Other specified pulmonary heart diseases","ICD10 code","Non-Standard","Condition","ICD10CN"
"","1413919","I27.8","Other specified pulmonary heart diseases","ICD10 code","Non-Standard","Condition","ICD10CN"
"","1413914","I27.100","Kyphoscoliotic heart disease","ICD10 code","Non-Standard","Condition","ICD10CN"
"","1413913","I27.1","Kyphoscoliotic heart disease","ICD10 code","Non-Standard","Condition","ICD10CN"
"","1413908","I27","Other pulmonary heart diseases","ICD10 Hierarchy","Non-Standard","Condition","ICD10CN"
"","1413903","I26.001","Acute pulmonary heart disease (machine translation)","ICD10 code","Non-Standard","Condition","ICD10CN"
"","1413902","I26.000","Pulmonary embolism with mention of acute cor pulmonale","ICD10 code","Non-Standard","Condition","ICD10CN"
"","1413901","I26.0","Pulmonary embolism with mention of acute cor pulmonale","ICD10 code","Non-Standard","Condition","ICD10CN"
"","1413745","I13.200","Hypertensive heart and renal disease with both (congestive) heart failure and renal failure","ICD10 code","Non-Standard","Condition","ICD10CN"
"","1413744","I13.2","Hypertensive heart and renal disease with both (congestive) heart failure and renal failure","ICD10 code","Non-Standard","Condition","ICD10CN"
"","1413741","I13.000","Hypertensive heart and renal disease with (congestive) heart failure","ICD10 code","Non-Standard","Condition","ICD10CN"
"","1413740","I13.0","Hypertensive heart and renal disease with (congestive) heart failure","ICD10 code","Non-Standard","Condition","ICD10CN"
"","1413728","I11.002","Hypertensive heart disease with heart failure (machine translation)","ICD10 code","Non-Standard","Condition","ICD10CN"
"","1413727","I11.001","Hypertensive heart failure (machine translation)","ICD10 code","Non-Standard","Condition","ICD10CN"
"","1413726","I11.000","Hypertensive heart disease with (congestive) heart failure","ICD10 code","Non-Standard","Condition","ICD10CN"
"","1413725","I11.0","Hypertensive heart disease with (congestive) heart failure","ICD10 code","Non-Standard","Condition","ICD10CN"
"","1340348","OMOP5166003","Exacerbation of heart failure","Disorder","Standard","Condition","OMOP Extension"
"","1340289","OMOP5165944","Exacerbation of congestive heart failure","Disorder","Standard","Condition","OMOP Extension"
"","1340281","OMOP5165936","Exacerbation of chronic heart failure","Disorder","Standard","Condition","OMOP Extension"
"","1326609","I50.89","Other heart failure","5-char billing code","Non-Standard","Condition","ICD10CM"
"","1326608","I50.84","End stage heart failure","5-char billing code","Non-Standard","Condition","ICD10CM"
"","1326607","I50.83","High output heart failure","5-char billing code","Non-Standard","Condition","ICD10CM"
"","1326606","I50.82","Biventricular heart failure","5-char billing code","Non-Standard","Condition","ICD10CM"
"","1326605","I50.814","Right heart failure due to left heart failure","6-char billing code","Non-Standard","Condition","ICD10CM"
"","1326604","I50.813","Acute on chronic right heart failure","6-char billing code","Non-Standard","Condition","ICD10CM"
"","1326603","I50.812","Chronic right heart failure","6-char billing code","Non-Standard","Condition","ICD10CM"
"","1326602","I50.811","Acute right heart failure","6-char billing code","Non-Standard","Condition","ICD10CM"
"","1326601","I50.810","Right heart failure, unspecified","6-char billing code","Non-Standard","Condition","ICD10CM"
"","1326600","I50.81","Right heart failure","5-char nonbill code","Non-Standard","Condition","ICD10CM"
"","1326599","I50.8","Other heart failure","4-char nonbill code","Non-Standard","Condition","ICD10CM"
"","1314353","G9680","This code is for onsite acute care treatment of a nursing facility resident with chf; may only be billed once per day per beneficiary","HCPCS","Non-Standard","Observation","HCPCS"
"","764877","7421000175106","Acute heart failure co-occurrent with normal ejection fraction","Disorder","Standard","Condition","SNOMED"
"","764876","7411000175102","Chronic heart failure co-occurrent with normal ejection fraction","Disorder","Standard","Condition","SNOMED"
"","764874","7401000175100","Acute on chronic heart failure co-occurrent with normal ejection fraction","Disorder","Standard","Condition","SNOMED"
"","764873","7391000175102","Reduced ejection fraction co-occurrent and due to acute heart failure","Disorder","Standard","Condition","SNOMED"
"","764872","7381000175100","Reduced ejection fraction co-occurrent and due to chronic heart failure","Disorder","Standard","Condition","SNOMED"
"","764871","7371000175103","Reduced ejection fraction co-occurrent and due to acute on chronic heart failure","Disorder","Standard","Condition","SNOMED"
"","762003","285221000119109","Congestive heart failure as post-operative complication of non-cardiac surgery","Disorder","Standard","Condition","SNOMED"
"","762002","285211000119102","Congestive heart failure as post-operative complication of cardiac surgery","Disorder","Standard","Condition","SNOMED"
"","619797","898208007","Heart failure due to thyrotoxicosis","Disorder","Standard","Condition","SNOMED"
"","608954","15964661000119102","Acute cor pulmonale due to septic pulmonary embolism","Disorder","Standard","Condition","SNOMED"
"","605120","1010447000","Illegal abortion complicated by cardiac failure","Disorder","Non-Standard","Condition","SNOMED"
"","605117","1010444007","Legal abortion complicated by cardiac failure","Disorder","Non-Standard","Condition","SNOMED"
"","444101","46113002","Hypertensive heart failure","Disorder","Standard","Condition","SNOMED"
"","444031","48447003","Chronic heart failure","Disorder","Standard","Condition","SNOMED"
"","443587","418304008","Diastolic heart failure","Disorder","Standard","Condition","SNOMED"
"","443580","417996009","Systolic heart failure","Disorder","Standard","Condition","SNOMED"
"","442310","56675007","Acute heart failure","Disorder","Standard","Condition","SNOMED"
"","439846","85232009","Left heart failure","Disorder","Standard","Condition","SNOMED"
"","439698","194767001","Benign hypertensive heart disease with congestive cardiac failure","Disorder","Standard","Condition","SNOMED"
"","439696","194779001","Hypertensive heart and renal disease with (congestive) heart failure","Disorder","Standard","Condition","SNOMED"
"","439694","194781004","Hypertensive heart and renal disease with both (congestive) heart failure and renal failure","Disorder","Standard","Condition","SNOMED"
"","319835","42343007","Congestive heart failure","Disorder","Standard","Condition","SNOMED"
"","317000","45650007","Kyphoscoliotic heart disease","Disorder","Standard","Condition","SNOMED"
"","316994","83105008","Malignant hypertensive heart disease with congestive heart failure","Disorder","Standard","Condition","SNOMED"
"","316139","84114007","Heart failure","Disorder","Standard","Condition","SNOMED"
"","315831","87837008","Chronic pulmonary heart disease","Disorder","Non-Standard","Condition","SNOMED"
"","314378","5148006","Hypertensive heart disease with congestive heart failure","Disorder","Standard","Condition","SNOMED"
"","312927","49584005","Acute cor pulmonale","Disorder","Standard","Condition","SNOMED"
"","312383","62377009","Postpartum cardiomyopathy","Disorder","Standard","Condition","SNOMED"
"","312338","77737007","Benign hypertensive heart disease with congestive heart failure","Disorder","Non-Standard","Condition","SNOMED"